-- Users
INSERT INTO users (id, username, email, password, first_name, last_name, flat_number, street_address, city, postal_code, country, preferred_language, avatar_url, is_email_verified, disabled, user_type) VALUES ('8cf28343-7b32-4365-8c04-305f342a2cee', 'john_doe', 'john.doe@example.com', '$2a$10$FZLU/ajV2PZmD9cXiZqNMuruo592lNW13uKcICG5oEBdnfYNbej1e', 'John', 'Doe', '123', '123 Main St', 'Anytown', '12345', 'USA', 'en', '', true, false, 'TENANT');
INSERT INTO users (id, username, email, password, first_name, last_name, flat_number, street_address, city, postal_code, country, preferred_language, avatar_url, is_email_verified, disabled, user_type) VALUES ('c4e8c95e-682b-440d-b6d5-6297f0d13633', 'jane_smith', 'jane.smith@example.com', '$2a$10$FZLU/ajV2PZmD9cXiZqNMuruo592lNW13uKcICG5oEBdnfYNbej1e', 'Jane', 'Smith', '456', '456 Elm St', 'Othertown', '67890', 'USA', 'en', '', true, false, 'OWNER');
INSERT INTO users (id, username, email, password, first_name, last_name, flat_number, street_address, city, postal_code, country, preferred_language, avatar_url, is_email_verified, disabled, user_type) VALUES ('c5c180f1-bd25-443e-8f8a-924ddf13f971', 'alice_jones', 'alice.jones@example.com', '$2a$10$FZLU/ajV2PZmD9cXiZqNMuruo592lNW13uKcICG5oEBdnfYNbej1e', 'Alice', 'Jones', '789', '789 Oak St', 'Somewhere', '54321', 'Canada', 'fr', '', false, true, 'LANDLORD');
INSERT INTO users (id, username, email, password, first_name, last_name, flat_number, street_address, city, postal_code, country, preferred_language, avatar_url, is_email_verified, disabled, user_type) VALUES ('593e726d-14b1-477e-967c-72bec8478a45', 'bob_brown', 'bob.brown@example.com', '$2a$10$FZLU/ajV2PZmD9cXiZqNMuruo592lNW13uKcICG5oEBdnfYNbej1e', 'Bob', 'Brown', '101', '101 Pine St', 'Nowhere', '98765', 'Mexico', 'es', '', true, false, 'TENANT');
INSERT INTO users (id, username, email, password, first_name, last_name, flat_number, street_address, city, postal_code, country, preferred_language, avatar_url, is_email_verified, disabled, user_type) VALUES ('331f5b7e-3acd-4e91-b64d-9fee522b5f31', 'emily_davis', 'emily.davis@example.com', '$2a$10$FZLU/ajV2PZmD9cXiZqNMuruo592lNW13uKcICG5oEBdnfYNbej1e', 'Emily', 'Davis', '202', '202 Cedar St', 'Anothertown', '24680', 'Germany', 'de', 'https://example.com/avatars/emily_davis.jpg', true, false, 'SYNDIC');
INSERT INTO users (id, username, email, password, first_name, last_name, flat_number, street_address, city, postal_code, country, preferred_language, avatar_url, is_email_verified, disabled, user_type) VALUES ('56f91978-04c8-4142-93e4-706c5d23dacf', 'michael_wilson', 'michael.wilson@example.com', '$2a$10$FZLU/ajV2PZmD9cXiZqNMuruo592lNW13uKcICG5oEBdnfYNbej1e', 'Michael', 'Wilson', '303', '303 Birch St', 'Somecity', '13579', 'Spain', 'es', '', true, false, 'CONTRACTOR');
INSERT INTO users (id, username, email, password, first_name, last_name, flat_number, street_address, city, postal_code, country, preferred_language, avatar_url, is_email_verified, disabled, user_type) VALUES ('d4562dfd-2d98-4db0-9937-33fccd90599a', 'olivia_martinez', 'olivia.martinez@example.com', '$2a$10$FZLU/ajV2PZmD9cXiZqNMuruo592lNW13uKcICG5oEBdnfYNbej1e', 'Olivia', 'Martinez', '404', '404 Maple St', 'Anothercity', '24680', 'France', 'fr', '', true, false, 'EXTERNAL');
INSERT INTO users (id, username, email, password, first_name, last_name, flat_number, street_address, city, postal_code, country, preferred_language, avatar_url, is_email_verified, disabled, user_type) VALUES ('a42d1145-cb3a-4088-a9f8-eba1310a9e80', 'david_lee', 'david.lee@example.com', '$2a$10$FZLU/ajV2PZmD9cXiZqNMuruo592lNW13uKcICG5oEBdnfYNbej1e', 'David', 'Lee', '505', '505 Oak St', 'Somewhere', '12345', 'China', 'zh', '', true, false, 'COMMERCIAL_PROPERTY_OWNER');
INSERT INTO users (id, username, email, password, first_name, last_name, flat_number, street_address, city, postal_code, country, preferred_language, avatar_url, is_email_verified, disabled, user_type) VALUES ('26be1301-4121-4497-80d1-e448fdef0532', 'sophia_garcia', 'sophia.garcia@example.com', '$2a$10$FZLU/ajV2PZmD9cXiZqNMuruo592lNW13uKcICG5oEBdnfYNbej1e', 'Sophia', 'Garcia', '606', '606 Pine St', 'Nowhere', '67890', 'Spain', 'es', '', true, false, 'GUEST');
INSERT INTO users (id, username, email, password, first_name, last_name, flat_number, street_address, city, postal_code, country, preferred_language, avatar_url, is_email_verified, disabled, user_type) VALUES ('f336a25e-7bed-4f44-a360-f758aecd7d09', 'charlie_rodriguez', 'charlie.rodriguez@example.com', '$2a$10$FZLU/ajV2PZmD9cXiZqNMuruo592lNW13uKcICG5oEBdnfYNbej1e', 'Charlie', 'Rodriguez', '707', '707 Cedar St', 'Anothertown', '54321', 'Mexico', 'es', '', true, false, 'TENANT');
INSERT INTO users (id, username, email, password, first_name, last_name, flat_number, street_address, city, postal_code, country, preferred_language, avatar_url, is_email_verified, disabled, user_type) VALUES ('f71c870e-9daa-4991-accd-61f3c3c14fa2', 'demo', 'quentin.castel@neohoods.com', '$2a$10$FZLU/ajV2PZmD9cXiZqNMuruo592lNW13uKcICG5oEBdnfYNbej1e', 'Me', 'Me', '808', '808 Birch St', 'Somewhere', '12345', 'USA', 'en', 'https://mdbcdn.b-cdn.net/img/new/avatars/2.webp', true, false, 'ADMIN');
INSERT INTO users (id, username, email, password, first_name, last_name, flat_number, street_address, city, postal_code, country, preferred_language, avatar_url, is_email_verified, disabled, user_type) VALUES ('1968032b-4a3f-4044-bbf3-947b0c96f7a0', 'ava_walker', 'ava.walker@example.com', '$2a$10$FZLU/ajV2PZmD9cXiZqNMuruo592lNW13uKcICG5oEBdnfYNbej1e', 'Ava', 'Walker', '909', '909 Cedar St', 'Anothertown', '67890', 'USA', 'en', '', true, false, 'OWNER');
INSERT INTO users (id, username, email, password, first_name, last_name, flat_number, street_address, city, postal_code, country, preferred_language, avatar_url, is_email_verified, disabled, user_type) VALUES ('ce5578e6-87cf-44a0-877e-87c264dd281c', 'noah_turner', 'noah.turner@example.com', '$2a$10$FZLU/ajV2PZmD9cXiZqNMuruo592lNW13uKcICG5oEBdnfYNbej1e', 'Noah', 'Turner', '1010', '1010 Pine St', 'Nowhere', '54321', 'USA', 'en', '', true, false, 'TENANT');
INSERT INTO users (id, username, email, password, first_name, last_name, flat_number, street_address, city, postal_code, country, preferred_language, avatar_url, is_email_verified, disabled, user_type) VALUES ('a668f324-debb-4cf0-a543-10a8ce7ed8e2', 'mia_hall', 'mia.hall@example.com', '$2a$10$FZLU/ajV2PZmD9cXiZqNMuruo592lNW13uKcICG5oEBdnfYNbej1e', 'Mia', 'Hall', '1111', '1111 Oak St', 'Somewhere', '12345', 'USA', 'en', '', true, false, 'LANDLORD');
INSERT INTO users (id, username, email, password, first_name, last_name, flat_number, street_address, city, postal_code, country, preferred_language, avatar_url, is_email_verified, disabled, user_type) VALUES ('52d90125-58dd-4cd2-a1d8-9e1c8e062e21', 'quentincastel86', 'quentincastel86@gmail.com', '$2a$10$FZLU/ajV2PZmD9cXiZqNMuruo592lNW13uKcICG5oEBdnfYNbej1e', 'Quentin', 'Castel', 'A101', '119 route des oriolleres', 'Mignaloux-Beauvoir', '86550', 'France', 'fr', 'https://s.gravatar.com/avatar/423e7c7327e40a5d01916e9aec17b493?s=480&r=pg&d=https%3A%2F%2Fcdn.auth0.com%2Favatars%2Fqu.png', true, false, 'ADMIN');

-- User Properties
INSERT INTO user_properties (user_id, property_type, name) VALUES ('8cf28343-7b32-4365-8c04-305f342a2cee', 'APARTMENT', 'Apartment 123');
INSERT INTO user_properties (user_id, property_type, name) VALUES ('c4e8c95e-682b-440d-b6d5-6297f0d13633', 'APARTMENT', 'Apartment 456');
INSERT INTO user_properties (user_id, property_type, name) VALUES ('c4e8c95e-682b-440d-b6d5-6297f0d13633', 'GARAGE', 'Garage A');
INSERT INTO user_properties (user_id, property_type, name) VALUES ('c5c180f1-bd25-443e-8f8a-924ddf13f971', 'APARTMENT', 'Apartment 789');
INSERT INTO user_properties (user_id, property_type, name) VALUES ('331f5b7e-3acd-4e91-b64d-9fee522b5f31', 'COMMERCIAL', 'Office Building');
INSERT INTO user_properties (user_id, property_type, name) VALUES ('a42d1145-cb3a-4088-a9f8-eba1310a9e80', 'COMMERCIAL', 'Shopping Mall Unit 505');
INSERT INTO user_properties (user_id, property_type, name) VALUES ('1968032b-4a3f-4044-bbf3-947b0c96f7a0', 'APARTMENT', 'Apartment 909');
INSERT INTO user_properties (user_id, property_type, name) VALUES ('1968032b-4a3f-4044-bbf3-947b0c96f7a0', 'PARKING', 'Parking Spot 12');
INSERT INTO user_properties (user_id, property_type, name) VALUES ('a668f324-debb-4cf0-a543-10a8ce7ed8e2', 'APARTMENT', 'Apartment 1111');
INSERT INTO user_properties (user_id, property_type, name) VALUES ('52d90125-58dd-4cd2-a1d8-9e1c8e062e21', 'APARTMENT', 'A101');

-- Applications
INSERT INTO applications (id, name, url, icon, help_text, disabled) VALUES ('550e8400-e29b-41d4-a716-446655440001', 'BookStack', 'https://books.example.com', '/assets/applications/bookstack.png', 'Access the community knowledge base and documentation', true);
INSERT INTO applications (id, name, url, icon, help_text, disabled) VALUES ('550e8400-e29b-41d4-a716-446655440002', 'Element Matrix', 'https://chat.example.com', '/assets/applications/element.png', 'Join community discussions and real-time chat', false);
INSERT INTO applications (id, name, url, icon, help_text, disabled) VALUES ('550e8400-e29b-41d4-a716-446655440003', 'Zammad Support', 'https://support.example.com', '/assets/applications/zammad.png', 'Get help with technical issues and submit tickets', true);
INSERT INTO applications (id, name, url, icon, help_text, disabled) VALUES ('550e8400-e29b-41d4-a716-446655440004', 'Community Space', 'https://space.example.com', '/assets/applications/space.png', 'Book shared spaces and view availability', true);

-- Community Information
INSERT INTO infos (id, next_ag_date, rules_url) VALUES ('00000000-0000-0000-0000-000000000001', '2024-03-15', 'https://community.example.com/rules');

-- Delegates
INSERT INTO delegates (id, info_id, building, first_name, last_name, email, matrix_user) VALUES ('550e8400-e29b-41d4-a716-446655440010', '00000000-0000-0000-0000-000000000001', 'Building A', 'John', 'Smith', 'john.smith@example.com', '@johnsmith:matrix.org');
INSERT INTO delegates (id, info_id, building, first_name, last_name, email, matrix_user) VALUES ('550e8400-e29b-41d4-a716-446655440011', '00000000-0000-0000-0000-000000000001', 'Building B', 'Marie', 'Dupont', 'marie.dupont@example.com', '@mariedupont:matrix.org');
INSERT INTO delegates (id, info_id, building, first_name, last_name, email, matrix_user) VALUES ('550e8400-e29b-41d4-a716-446655440012', '00000000-0000-0000-0000-000000000001', 'Building C', 'Carlos', 'Rodriguez', 'carlos.rodriguez@example.com', '@carlosr:matrix.org');

-- Contact Numbers
-- Syndic contact
INSERT INTO contact_numbers (id, info_id, contact_type, type, description, availability, response_time, name, phone_number, email, office_hours, address) VALUES ('550e8400-e29b-41d4-a716-446655440020', '00000000-0000-0000-0000-000000000001', 'syndic', 'Property Management', 'Main property management company', 'Business hours', '24-48 hours', 'NeoHoods Property Management', '+33 1 23 45 67 89', 'contact@neohoods-pm.com', 'Mon-Fri 9am-6pm', '123 Management Street, 75001 Paris');

-- Emergency contacts
INSERT INTO contact_numbers (id, info_id, contact_type, type, description, availability, response_time, name, phone_number, email, office_hours, address) VALUES ('550e8400-e29b-41d4-a716-446655440021', '00000000-0000-0000-0000-000000000001', 'emergency', 'Plumbing Emergency', 'Emergency plumbing repairs', '24/7', '30 minutes', 'FastFix Plumbing', '+33 6 12 34 56 78', 'emergency@fastfix.com', '24/7', 'Mobile service');
INSERT INTO contact_numbers (id, info_id, contact_type, type, description, availability, response_time, name, phone_number, email, office_hours, address) VALUES ('550e8400-e29b-41d4-a716-446655440022', '00000000-0000-0000-0000-000000000001', 'emergency', 'Electrical Emergency', 'Emergency electrical repairs', '24/7', '45 minutes', 'ElectroFix Emergency', '+33 6 98 76 54 32', 'help@electrofix.com', '24/7', 'Mobile service');
INSERT INTO contact_numbers (id, info_id, contact_type, type, description, availability, response_time, name, phone_number, email, office_hours, address) VALUES ('550e8400-e29b-41d4-a716-446655440023', '00000000-0000-0000-0000-000000000001', 'emergency', 'Security Emergency', 'Security and access issues', '24/7', '15 minutes', 'SecureAccess Security', '+33 6 11 22 33 44', 'security@secureaccess.com', '24/7', '456 Security Blvd, 75002 Paris');

-- Announcements
INSERT INTO announcements (id, title, content, created_at, updated_at, category) VALUES ('550e8400-e29b-41d4-a716-446655440030', 'Welcome to NeoHoods Community Portal', 'We are excited to announce the launch of our new community portal! This platform will help us stay connected and manage our community better. Please explore the features and let us know your feedback.', '2024-01-15 10:00:00+00', '2024-01-15 10:00:00+00', 'COMMUNITY_EVENT');
INSERT INTO announcements (id, title, content, created_at, updated_at, category) VALUES ('550e8400-e29b-41d4-a716-446655440031', 'Elevator Maintenance - Building A', 'The elevator in Building A will be under maintenance from January 20th to January 22nd. Please use the stairs during this period. We apologize for any inconvenience.', '2024-01-18 14:30:00+00', '2024-01-18 14:30:00+00', 'MAINTENANCE_NOTICE');
INSERT INTO announcements (id, title, content, created_at, updated_at, category) VALUES ('550e8400-e29b-41d4-a716-446655440032', 'Community BBQ This Saturday', 'Join us for a community BBQ this Saturday at 6 PM in the central courtyard! Meet your neighbors, enjoy great food, and have fun. Drinks and grilling supplies will be provided.', '2024-01-20 09:15:00+00', '2024-01-20 09:15:00+00', 'SOCIAL_GATHERING');
INSERT INTO announcements (id, title, content, created_at, updated_at, category) VALUES ('550e8400-e29b-41d4-a716-446655440033', 'Lost Cat - Fluffy (Orange Tabby)', 'Have you seen Fluffy? She is an orange tabby cat with white paws, went missing from Building B on January 19th. Very friendly and responds to her name. Please contact Marie at marie.dupont@example.com if found.', '2024-01-21 16:45:00+00', '2024-01-21 16:45:00+00', 'LOST_AND_FOUND');
INSERT INTO announcements (id, title, content, created_at, updated_at, category) VALUES ('550e8400-e29b-41d4-a716-446655440034', 'Security Reminder: Lock Your Doors', 'Please remember to always lock your doors and close windows when leaving your apartment. There have been reports of suspicious activity in the neighborhood. Report any unusual behavior to security immediately.', '2024-01-22 11:20:00+00', '2024-01-22 11:20:00+00', 'SAFETY_ALERT');

-- Custom Pages
-- Custom Pages
INSERT INTO custom_pages (id, ref, page_order, position, title, content) VALUES ('550e8400-e29b-41d4-a716-446655440040', 'privacy-policy', 1, 'FOOTER_LINKS', 'Politique de Confidentialité', '<p>Cette politique de confidentialité explique comment NeoHoods collecte, utilise et protège vos informations personnelles lorsque vous utilisez notre portail communautaire.</p><h2>Informations que nous collectons</h2><p>Nous collectons les informations que vous nous fournissez directement, par exemple lorsque vous créez un compte, mettez à jour votre profil ou nous contactez pour obtenir de l''aide.</p><h2>Comment nous utilisons vos informations</h2><p>Nous utilisons les informations collectées pour fournir, maintenir et améliorer nos services, communiquer avec vous et assurer la sécurité de notre plateforme.</p><h2>Vos droits RGPD</h2><p>Conformément au RGPD, vous disposez du droit d''accès, de rectification, d''effacement, de portabilité et d''opposition concernant vos données personnelles. Pour exercer ces droits, contactez-nous à privacy@neohoods.com</p>');
INSERT INTO custom_pages (id, ref, page_order, position, title, content) VALUES ('550e8400-e29b-41d4-a716-446655440041', 'terms-of-service', 2, 'FOOTER_LINKS', 'Conditions d''Utilisation', '<p>Bienvenue sur NeoHoods ! Ces conditions d''utilisation définissent les règles et réglementations pour l''utilisation de notre portail communautaire.</p><h2>Acceptation des Conditions</h2><p>En accédant et en utilisant ce service, vous acceptez et convenez d''être lié par les termes et dispositions de cet accord.</p><h2>Licence d''Utilisation</h2><p>L''autorisation est accordée d''accéder temporairement aux matériaux sur NeoHoods uniquement pour un usage personnel et non commercial.</p><h2>Utilisation Responsable</h2><p>Vous vous engagez à utiliser la plateforme de manière respectueuse envers les autres résidents et à respecter les règles de la communauté.</p>');
INSERT INTO custom_pages (id, ref, page_order, position, title, content) VALUES ('550e8400-e29b-41d4-a716-446655440043', 'copyright-notice', 1, 'COPYRIGHT', 'Mentions Légales', '<p>&copy; 2024 Portail Communautaire NeoHoods. Tous droits réservés. Cette plateforme et son contenu sont protégés par les lois sur le droit d''auteur et autres lois de propriété intellectuelle.</p>');
INSERT INTO custom_pages (id, ref, page_order, position, title, content) VALUES ('550e8400-e29b-41d4-a716-446655440044', 'help-contact', 1, 'FOOTER_HELP', 'Support', '<h2>Contact Support</h2><p>Si vous avez besoin d''aide avec le portail communautaire, n''hésitez pas à nous contacter :</p><ul><li><strong>Email :</strong> support@neohoods.com</li><li><strong>Heures d''ouverture :</strong> Lundi-Vendredi, 9h - 17h</li></ul><p>Pour les questions urgentes de la communauté, veuillez contacter votre gestionnaire d''immeuble ou utiliser les contacts d''urgence dans la section Infos.</p>');


-- Newsletters
INSERT INTO newsletters (id, subject, content, status, created_at, updated_at, scheduled_at, sent_at, created_by, recipient_count) VALUES ('550e8400-e29b-41d4-a716-446655440050', 'Your Monthly Community Update - December 2024', '<h2>Welcome to our December Newsletter!</h2><p>This month has been full of exciting community events and updates. Here are the highlights:</p><ul><li>New playground equipment installed in the central courtyard</li><li>Holiday decorations contest winners announced</li><li>Upcoming maintenance schedule for January</li></ul><p>Thank you for being part of our wonderful community!</p>', 'SENT', '2024-12-01 10:00:00+00', '2024-12-01 10:00:00+00', '2024-12-01 12:00:00+00', '2024-12-01 12:00:00+00', '52d90125-58dd-4cd2-a1d8-9e1c8e062e21', 150);

INSERT INTO newsletters (id, subject, content, status, created_at, updated_at, scheduled_at, sent_at, created_by, recipient_count) VALUES ('550e8400-e29b-41d4-a716-446655440051', 'Important Safety Information for the Holidays', '<h2>Holiday Safety Tips</h2><p>As we approach the holiday season, here are some important safety reminders to keep our community safe:</p><ul><li>Ensure all holiday decorations are fire-safe</li><li>Keep emergency exits clear of decorations</li><li>Be cautious with candles and open flames</li><li>Report any suspicious activity to security</li></ul><p>Have a safe and happy holiday season!</p>', 'SCHEDULED', '2024-12-15 09:00:00+00', '2024-12-15 09:30:00+00', '2024-12-20 08:00:00+00', null, '52d90125-58dd-4cd2-a1d8-9e1c8e062e21', null);

INSERT INTO newsletters (id, subject, content, status, created_at, updated_at, scheduled_at, sent_at, created_by, recipient_count) VALUES ('550e8400-e29b-41d4-a716-446655440052', 'Join Us for New Year Celebrations!', '<h2>New Year Events</h2><p>We are excited to announce our New Year community events. Join us for:</p><ul><li>New Year''s Eve community party in the main hall</li><li>Children''s countdown at 8 PM</li><li>Adult celebration until midnight</li><li>Complimentary refreshments and entertainment</li></ul><p>RSVP by December 28th. Looking forward to celebrating with you!</p>', 'DRAFT', '2024-12-18 14:00:00+00', '2024-12-18 16:00:00+00', null, null, '52d90125-58dd-4cd2-a1d8-9e1c8e062e21', null);

-- Default Settings
INSERT INTO settings (id, is_registration_enabled, sso_enabled, sso_client_id, sso_client_secret, sso_token_endpoint, sso_authorization_endpoint, sso_scope) VALUES ('00000000-0000-0000-0000-000000000001', false, false, '', '', '', '', '');

INSERT INTO notification_settings (user_id, enable_notifications, newsletter_enabled) VALUES ('8cf28343-7b32-4365-8c04-305f342a2cee', false, true);
INSERT INTO notification_settings (user_id, enable_notifications, newsletter_enabled) VALUES ('c4e8c95e-682b-440d-b6d5-6297f0d13633', false, true);
INSERT INTO notification_settings (user_id, enable_notifications, newsletter_enabled) VALUES ('c5c180f1-bd25-443e-8f8a-924ddf13f971', false, true);
INSERT INTO notification_settings (user_id, enable_notifications, newsletter_enabled) VALUES ('593e726d-14b1-477e-967c-72bec8478a45', false, true);
INSERT INTO notification_settings (user_id, enable_notifications, newsletter_enabled) VALUES ('331f5b7e-3acd-4e91-b64d-9fee522b5f31', false, true);
INSERT INTO notification_settings (user_id, enable_notifications, newsletter_enabled) VALUES ('56f91978-04c8-4142-93e4-706c5d23dacf', false, true);
INSERT INTO notification_settings (user_id, enable_notifications, newsletter_enabled) VALUES ('d4562dfd-2d98-4db0-9937-33fccd90599a', false, true);
INSERT INTO notification_settings (user_id, enable_notifications, newsletter_enabled) VALUES ('a42d1145-cb3a-4088-a9f8-eba1310a9e80', false, true);
INSERT INTO notification_settings (user_id, enable_notifications, newsletter_enabled) VALUES ('26be1301-4121-4497-80d1-e448fdef0532', false, true);
INSERT INTO notification_settings (user_id, enable_notifications, newsletter_enabled) VALUES ('f336a25e-7bed-4f44-a360-f758aecd7d09', false, true);
INSERT INTO notification_settings (user_id, enable_notifications, newsletter_enabled) VALUES ('f71c870e-9daa-4991-accd-61f3c3c14fa2', false, true);
INSERT INTO notification_settings (user_id, enable_notifications, newsletter_enabled) VALUES ('1968032b-4a3f-4044-bbf3-947b0c96f7a0', false, true);
INSERT INTO notification_settings (user_id, enable_notifications, newsletter_enabled) VALUES ('ce5578e6-87cf-44a0-877e-87c264dd281c', false, true);
INSERT INTO notification_settings (user_id, enable_notifications, newsletter_enabled) VALUES ('a668f324-debb-4cf0-a543-10a8ce7ed8e2', false, true);
INSERT INTO notification_settings (user_id, enable_notifications, newsletter_enabled) VALUES ('52d90125-58dd-4cd2-a1d8-9e1c8e062e21', true, true);

-- Notifications
INSERT INTO notifications (
                id, user_id, author, date, type, already_read, payload
            ) VALUES (
                '200103cd-f279-4503-af50-fcc6decd74f6', '8cf28343-7b32-4365-8c04-305f342a2cee', 'Platform', '2024-11-21T00:00:00Z',
                'ADMIN_NEW_USER', false, '{"userId": "999a870a-ae16-4d4a-9f17-516ca3b4d16d"}'
                
            );

-- Help Categories and Articles
INSERT INTO help_categories (id, name, icon, display_order) VALUES ('a970dc49-aca8-4508-8182-0bb3e3de8c1d', 'Chat & Communication', '@tui.message-circle', 1);
INSERT INTO help_categories (id, name, icon, display_order) VALUES ('fea9e75b-966f-4062-aa9c-5319fdb570bb', 'Application', '@tui.smartphone', 2);
INSERT INTO help_categories (id, name, icon, display_order) VALUES ('1740c794-eedc-4396-9680-4bc9b85e6948', 'Confidentialité & RGPD', '@tui.lock', 3);
-- Chat & Communication
INSERT INTO help_articles (id, title, content, display_order, category_id) VALUES ('f346a7fd-086c-4226-8f7b-6b80f93657cb', 'Comment utiliser le chat', '<p>Le chat de Neohoods est une plateforme interactive permettant aux résidents de communiquer en temps réel. Vous pouvez :</p><ul><li>Envoyer des messages instantanés à vos voisins</li><li>Partager des photos et documents</li><li>Créer des groupes thématiques (sécurité, covoiturage, etc.)</li><li>Recevoir des notifications push</li></ul><p>Pour accéder au chat, cliquez sur l''icône message dans le menu principal.</p>', 1, 'a970dc49-aca8-4508-8182-0bb3e3de8c1d');
INSERT INTO help_articles (id, title, content, display_order, category_id) VALUES ('1ec1014f-2f04-4ccf-94b6-dbdcccb5cf07', 'Créer des groupes de discussion', '<p>Vous pouvez créer des groupes de discussion pour organiser les conversations par thème :</p><ul><li>Général : discussions générales de la résidence</li><li>Sécurité : alertes et informations de sécurité</li><li>Covoiturage : organisation des trajets</li><li>Événements : annonces d''événements</li><li>Entraide : demandes d''aide entre voisins</li></ul><p>Pour créer un groupe, allez dans le chat et cliquez sur "Nouveau groupe".</p>', 2, 'a970dc49-aca8-4508-8182-0bb3e3de8c1d');
INSERT INTO help_articles (id, title, content, display_order, category_id) VALUES ('20bcbfb7-3501-4ba1-857c-ee96da866b76', 'Notifications et alertes', '<p>Configurez vos notifications pour ne rien manquer :</p><ul><li>Messages directs : recevez une notification pour chaque message privé</li><li>Mentions : soyez alerté quand quelqu''un vous mentionne</li><li>Groupes : choisissez quels groupes vous notifient</li><li>Heures silencieuses : définissez des créneaux sans notification</li></ul><p>Accédez aux paramètres de notification dans votre profil.</p>', 3, 'a970dc49-aca8-4508-8182-0bb3e3de8c1d');
INSERT INTO help_articles (id, title, content, display_order, category_id) VALUES ('a305befe-ba64-4195-b953-08aa0f10ff7d', 'Télécharger l''application mobile', '<p>L''application Neohoods est disponible sur :</p><ul><li><strong>iOS</strong> : App Store (recherchez "Neohoods")</li><li><strong>Android</strong> : Google Play Store</li></ul><p>L''app mobile offre :</p><ul><li>Accès au chat en temps réel</li><li>Notifications push</li><li>Accès hors ligne aux informations importantes</li><li>Interface optimisée pour mobile</li></ul><p>Vous pouvez également utiliser la version web depuis votre navigateur.</p>', 1, 'fea9e75b-966f-4062-aa9c-5319fdb570bb');
INSERT INTO help_articles (id, title, content, display_order, category_id) VALUES ('41d46d5c-89e9-409a-8109-72e713d527f9', 'Vidéos et tutoriels', '<p>Des vidéos explicatives sont disponibles pour vous aider :</p><ul><li><strong>Tutoriel d''installation</strong> : Comment télécharger et installer l''app</li><li><strong>Premiers pas</strong> : Navigation et fonctionnalités de base</li><li><strong>Utilisation du chat</strong> : Envoyer des messages, créer des groupes</li><li><strong>Paramètres</strong> : Personnaliser votre expérience</li></ul><p>Accédez aux vidéos depuis le menu "Aide" dans l''application ou consultez notre chaîne YouTube.</p>', 2, 'fea9e75b-966f-4062-aa9c-5319fdb570bb');
INSERT INTO help_articles (id, title, content, display_order, category_id) VALUES ('23848756-188a-489e-98fd-afd7a9780935', 'Résolution des problèmes techniques', '<p>Si vous rencontrez des problèmes :</p><ul><li><strong>App qui ne se lance pas</strong> : Vérifiez votre connexion internet et redémarrez l''app</li><li><strong>Messages qui ne s''envoient pas</strong> : Vérifiez votre connexion et réessayez</li><li><strong>Notifications qui ne fonctionnent pas</strong> : Vérifiez les paramètres de notification de votre appareil</li><li><strong>App qui plante</strong> : Fermez l''app et relancez-la</li></ul><p>Si le problème persiste, contactez le support technique.</p>', 3, 'fea9e75b-966f-4062-aa9c-5319fdb570bb');
-- Confidentialité & RGPD
INSERT INTO help_articles (id, title, content, display_order, category_id) VALUES ('c3f455e6-fee0-4f5b-8e07-442ab503d30a', 'Supprimer votre compte', '<p>Conformément au RGPD, vous avez le droit de demander la suppression de vos données personnelles.</p><p><strong>Pour supprimer votre compte :</strong></p><ol><li>Envoyez un email à <strong>privacy@neohoods.com</strong></li><li>Indiquez clairement votre demande de suppression</li><li>Précisez votre nom d''utilisateur ou email associé</li></ol><p>Nous traiterons votre demande dans un délai d''un mois maximum, comme stipulé par le RGPD.</p><p><strong>Attention :</strong> La suppression de votre compte entraînera la suppression définitive de toutes vos données (messages, photos, etc.). Assurez-vous de sauvegarder toute information importante avant de procéder.</p>', 1, '1740c794-eedc-4396-9680-4bc9b85e6948');
INSERT INTO help_articles (id, title, content, display_order, category_id) VALUES ('dede4596-466e-46cd-b79f-72733eb2a34a', 'Vos droits RGPD', '<p>Conformément au Règlement Général sur la Protection des Données (RGPD), vous disposez des droits suivants :</p><ul><li><strong>Droit d''accès</strong> : Demander une copie de vos données</li><li><strong>Droit de rectification</strong> : Corriger des données inexactes</li><li><strong>Droit à l''effacement</strong> : Demander la suppression de vos données</li><li><strong>Droit à la portabilité</strong> : Récupérer vos données dans un format lisible</li><li><strong>Droit d''opposition</strong> : Vous opposer au traitement de vos données</li></ul><p>Pour exercer ces droits, contactez-nous à <strong>privacy@neohoods.com</strong></p>', 2, '1740c794-eedc-4396-9680-4bc9b85e6948');
INSERT INTO help_articles (id, title, content, display_order, category_id) VALUES ('2bcc98b6-f2dd-4994-a58a-d693decb65ba', 'Protection de vos données', '<p>Nous nous engageons à protéger vos données personnelles :</p><ul><li><strong>Chiffrement</strong> : Toutes les communications sont chiffrées</li><li><strong>Stockage sécurisé</strong> : Vos données sont stockées sur des serveurs sécurisés</li><li><strong>Accès limité</strong> : Seuls les employés autorisés peuvent accéder à vos données</li><li><strong>Audit régulier</strong> : Nous effectuons des audits de sécurité réguliers</li></ul><p>Nous ne vendons jamais vos données à des tiers et ne les utilisons que pour fournir nos services.</p>', 3, '1740c794-eedc-4396-9680-4bc9b85e6948');

-- Email Templates
INSERT INTO email_templates (id, type, name, subject, content, is_active, created_at, updated_at, created_by, description) VALUES ('550e8400-e29b-41d4-a716-446655440060', 'WELCOME', 'Welcome Email - Default', 'Welcome to {{appName}}!', '<h1>Welcome {{username}}!</h1><p>Thank you for joining {{appName}}! We are excited to have you as part of our community.</p><p>You can now start exploring all the features and connect with other members.</p><p>If you have any questions or need assistance, please don''t hesitate to contact our support team.</p><p>Best regards,<br>The {{appName}} Team</p>', true, '2024-01-10 14:30:00+00', '2024-01-10 14:30:00+00', '52d90125-58dd-4cd2-a1d8-9e1c8e062e21', 'Default welcome email sent to new users after registration');

